<?xml version="1.0" encoding="UTF-8" standalone="yes"?>
<addons>
<addon id="metadata.movie.adultdvdempire.com"
       name="AdultDVDEmpire"
       version="2.1"
       provider-name="xbmc-adult">
  <requires>
    <import addon="xbmc.metadata" version="1.0"/>
    <import addon="metadata.common.themoviedb.org" version="1.0"/>
  </requires>
  <extension point="xbmc.metadata.scraper.movies"
             language="en"
             library="adultdvdempire.xml"/>
  <extension point="xbmc.addon.metadata">
    <summary lang="en">AdultDVDEmpire Scraper</summary>
    <description lang="en">Download XXX Movie information from adultdvdempire.com</description>
    <platform>all</platform>
  </extension>
</addon>

<addon id="metadata.movie.aebn.gay.net"
       name="AEBN Gay"
       version="1.2.5"
       provider-name="xbmc-adult">
  <requires>
    <import addon="xbmc.metadata" version="1.0"/>
		<import addon="metadata.common.themoviedb.org" version="1.0"/>
  </requires>
  <extension point="xbmc.metadata.scraper.movies"
             language="en"
             library="aebn.xml"/>
  <extension point="xbmc.addon.metadata">
    <summary lang="en">AEBN Gay Scraper</summary>
    <description lang="en">Download XXX Movie information from gay.aebn.net</description>
    <platform>all</platform>
  </extension>
</addon>

<addon id="metadata.movie.aebn.net"
       name="AEBN"
       version="1.2.6"
       provider-name="xbmc-adult">
  <requires>
    <import addon="xbmc.metadata" version="1.0"/>
		<import addon="metadata.common.themoviedb.org" version="1.0"/>
  </requires>
  <extension point="xbmc.metadata.scraper.movies"
             language="en"
             library="aebn.xml"/>
  <extension point="xbmc.addon.metadata">
    <summary lang="en">AEBN Scraper</summary>
    <description lang="en">Download XXX Movie information from aebn.net</description>
    <platform>all</platform>
  </extension>
</addon>

<addon id="metadata.movie.cduniverse.com"
       name="CDUniverse Adult"
       version="1.0.7"
       provider-name="xbmc-adult">
  <requires>
    <import addon="xbmc.metadata" version="1.0"/>
    <import addon="metadata.common.themoviedb.org" version="1.0"/>
  </requires>
  <extension point="xbmc.metadata.scraper.movies"
             language="en"
             library="cduniverse.xml"/>
  <extension point="xbmc.addon.metadata">
    <summary lang="en">CDUniverse Adult Scraper</summary>
    <description lang="en">Download XXX Movie information from adult.cduniverse.com</description>
    <platform>all</platform>
  </extension>
</addon>

<addon id="metadata.movie.data18.com"
       name="Data 18"
       version="1.3.2"
       provider-name="xbmc-adult">
  <requires>
    <import addon="xbmc.metadata" version="1.0"/>
    <import addon="metadata.common.themoviedb.org" version="1.0"/>
  </requires>
  <extension point="xbmc.metadata.scraper.movies"
             language="en"
             library="data18.xml"/>
  <extension point="xbmc.addon.metadata">
    <summary lang="en">Data 18 Scraper</summary>
    <description lang="en">Download XXX Movie information from data18.com</description>
    <platform>all</platform>
  </extension>
</addon>

<addon id="metadata.movie.data18.content.com"
       name="Data 18 Web Content"
       version="1.7.1"
       provider-name="xbmc-adult">
  <requires>
    <import addon="xbmc.metadata" version="1.0"/>
    <import addon="metadata.common.themoviedb.org" version="1.0"/>
  </requires>
  <extension point="xbmc.metadata.scraper.movies"
             language="en"
             library="data18.content.xml"/>
  <extension point="xbmc.addon.metadata">
    <summary lang="en">Data 18 Web Content Scraper</summary>
    <description lang="en">Download XXX Web Content information from data18.com</description>
    <disclaimer>This scraper is only intended to be used with Web Content (data18.com/content/), it will not work correctly with XXX Movies (data18.com/movies/).</disclaimer>
    <platform>all</platform>
  </extension>
</addon>

<addon id="metadata.movie.excaliburfilms.com"
       name="Excalibur Films"
       version="1.0.6"
       provider-name="xbmc-adult">
  <requires>
    <import addon="xbmc.metadata" version="1.0"/>
    <import addon="metadata.common.themoviedb.org" version="1.0"/>
  </requires>
  <extension point="xbmc.metadata.scraper.movies"
             language="en"
             library="Excalibur.xml"/>
  <extension point="xbmc.addon.metadata">
    <summary lang="en">Excalibur Films Scraper</summary>
    <description lang="en">Download XXX Movie information from excaliburfilms.com</description>
    <platform>all</platform>
  </extension>
</addon>

<addon id="metadata.movie.hotmovies.com"
       name="HotMovies"
       version="1.0.3"
       provider-name="xbmc-adult">
  <requires>
    <import addon="xbmc.metadata" version="1.0"/>
    <import addon="metadata.common.themoviedb.org" version="1.0"/>
  </requires>
  <extension point="xbmc.metadata.scraper.movies"
             language="en"
             library="hotmovies.xml"/>
  <extension point="xbmc.addon.metadata">
    <summary lang="en">HotMovies Scraper</summary>
    <description lang="en">Download XXX movie information from hotmovies.com</description>
    <platform>all</platform>
  </extension>
</addon>

<addon id="plugin.video.empflix" name="Empflix" version="2.1.1" provider-name="xbmc-adult">
    <requires>
        <!-- Commenting xbmc.python allows install on all versions of Kodi -->
        <!-- <import addon="xbmc.python" version="2.1.0"/> -->
        <import addon="script.module.six"/>
        <import addon="script.module.kodi-six"/>
    </requires>
    <extension point="xbmc.python.pluginsource" library="addon.py">
        <provides>video</provides>
    </extension>
    <extension point="xbmc.addon.metadata">
        <summary>Stream adult videos from empflix.com</summary>
        <description>Empflix.com features a variety of adult videos. This addon contains explicit adult material. You may only view this addon if you are at least 18 years of age, or at least the age of majority in the jurisdiction where you reside or from which you access this content. If you do not meet these requirements, then you do not have permission to use this addon.  All content is hosted by empflix.com.</description>
        <disclaimer>The author does not host or distribute any of the content displayed by this addon. The author does not have any affiliation with the content provider.</disclaimer>
    <platform>all</platform>
    <assets>
        <icon>icon.png</icon>
    </assets>
    </extension>
</addon>

<addon id="plugin.video.lubetube"
       name="Lubetube (Adult)"
       version="1.20"
       provider-name="xbmc-adult">
  <requires>
    <import addon="xbmc.python" version="2.1.0"/>
    <import addon="script.module.future"/>
  </requires>
  <extension point="xbmc.python.pluginsource"
            library="default.py">
        <provides>video</provides>
  </extension>
  <extension point="xbmc.addon.metadata">
    <summary>Thousands of Free Streaming Porn videos! Updated every day. Lube Tube is the youtube of free porn.</summary>
    <description>Thousands of Free Streaming Porn videos! Updated every day. Lube Tube is the youtube of free porn.</description>
    <platform>all</platform>
  </extension>
</addon>

<addon id="plugin.video.tube8" name="Tube8" version="2.1.14" provider-name="xbmc-adult">
    <requires>
        <import addon="xbmc.python" version="2.1.0"/>
        <import addon="script.module.future"/>
    </requires>
    <extension point="xbmc.python.pluginsource" library="addon.py">
        <provides>video</provides>
    </extension>
    <extension point="xbmc.addon.metadata">
        <summary>Stream adult videos from tube8.com</summary>
        <description>Tube8.com features a variety of adult videos. This addon contains explicit adult material. You may only view this addon if you are at least 18 years of age, or at least the age of majority in the jurisdiction where you reside or from which you access this content. If you do not meet these requirements, then you do not have permission to use this addon.  All content is hosted by tube8.com.</description>
        <disclaimer>The author does not host or distribute any of the content displayed by this addon. The author does not have any affiliation with the content provider.</disclaimer>
        <platform>all</platform>
    </extension>
</addon>

<addon
  id="plugin.video.videodevil"
  version="1.8.28"
  name="VideoDevil"
  provider-name="xbmc-adult">
  <requires>
    <!-- Commenting xbmc.python allows install on all versions of Kodi -->
    <!-- <import addon="xbmc.python" version="2.14.0"/> -->
    <import addon="script.module.six"/>
    <import addon="script.module.kodi-six"/>
  </requires>
  <extension
    point="xbmc.python.pluginsource"
    library="default.py">
    <provides>video</provides>
  </extension>
  <extension point="xbmc.addon.metadata">
    <summary lang="de_DE">Spielen Sie Videos von verschiedenen Streaming-Sites für Erwachsene ab</summary>
    <summary lang="en_GB">Play videos from different adult streaming sites</summary>
    <summary lang="fi_FI">Toista videoita aikuisten suoratoistosivustoilta</summary>
    <summary lang="fr_FR">Lire des vidéos de différents sites de streaming pour adultes</summary>
    <summary lang="pt_PT">Reproduza vídeos de diferentes sites de streaming adulto</summary>
    <summary lang="sv_SE">Spela videor från olika streaming-webbplatser för vuxna</summary>
    <description lang="de_DE">Dieses Addon spielt Videos von YouPorn, Tube8, Boysfood, MoviesAnd, PornoTube, xHamster, KeezMovies und einigen anderen Streaming-Sites für Erwachsene ab. Es enthält explizites Material für Erwachsene. Sie können dieses Addon nur anzeigen, wenn Sie mindestens 18 Jahre alt sind oder mindestens das Alter der Mehrheit in dem Land, in dem Sie wohnen oder von dem aus Sie auf diese Inhalte zugreifen. Wenn Sie diese Anforderungen nicht erfüllen, haben Sie keine Berechtigung, dieses Addon zu verwenden.</description>
    <description lang="en_GB">This addon plays videos from YouPorn, Tube8, Boysfood, MoviesAnd, PornoTube, xHamster, KeezMovies and some other adult streaming sites. It contains explicit adult material. You may only view this addon if you are at least 18 years of age, or at least the age of majority in the jurisdiction where you reside or from which you access this content. If you do not meet these requirements, then you do not have permission to use this addon.</description>
    <description lang="fi_FI">Tämä lisäosa toistaa videoita YouPorn, Tube8, Boysfood, MoviesAnd, PornoTube, xHamster, KeezMovies ja joistakin muista aikuisten suoratoistosivustoista. Se sisältää nimenomaista aikuisille tarkoitettua materiaalia. Voit tarkastella tätä lisäosaa vain, jos olet vähintään 18-vuotias tai vähintään täysi-ikäinen sen lainkäyttöalueella, jossa asut tai josta käytät tätä sisältöä. Jos et täytä näitä vaatimuksia, sinulla ei ole lupaa käyttää tätä lisäosaa.</description>
    <description lang="fr_FR">Cet addon lit des vidéos de YouPorn, Tube8, Boysfood, MoviesAnd, PornoTube, xHamster, KeezMovies et d'autres sites de streaming pour adultes. Il contient du matériel explicite pour adultes. Vous ne pouvez voir cet addon que si vous avez au moins 18 ans, ou au moins l'âge de la majorité dans la juridiction où vous résidez ou à partir de laquelle vous accédez à ce contenu. Si vous ne remplissez pas ces conditions, vous n'êtes pas autorisé à utiliser ce module complémentaire.</description>
    <description lang="pt_PT">Este complemento reproduz vídeos do YouPorn, Tube8, Boysfood, MoviesAnd, PornoTube, xHamster, KeezMovies e alguns outros sites de streaming adulto. Ele contém material adulto explícito. Você só pode visualizar este complemento se tiver pelo menos 18 anos de idade ou maioridade na jurisdição em que reside ou da qual acessa este conteúdo. Se você não atender a esses requisitos, não terá permissão para usar este complemento.</description>
    <description lang="sv_SE">Denna addon spelar videor från YouPorn, Tube8, Boysfood, Movies And, PornoTube, xHamster, KeezMovies och några andra streamingwebbplatser för vuxna. Det innehåller tydligt vuxenmaterial. Du får bara se detta tillägg om du är minst 18 år, eller åtminstone majoritetsåldern i den jurisdiktion där du bor eller från vilken du får åtkomst till detta innehåll. Om du inte uppfyller dessa krav har du inte behörighet att använda detta tillägg.</description>
    <disclaimer lang="de_DE">Der Autor hostet oder verbreitet keinen der von diesem Addon angezeigten Inhalte. Der Autor hat keine Verbindung zum Inhalteanbieter.</disclaimer>
    <disclaimer lang="en_GB">The author does not host or distribute any of the content displayed by this addon. The author does not have any affiliation with the content provider.</disclaimer>
    <disclaimer lang="fi_FI">Kirjoittaja ei isännöi tai jaa mitään tämän lisäosan näytettyä sisältöä. Kirjoittajalla ei ole mitään siteitä sisällöntuottajaan.</disclaimer>
    <disclaimer lang="fr_FR">L'auteur n'héberge ni ne distribue aucun des contenus affichés par cet addon. L'auteur n'a aucune affiliation avec le fournisseur de contenu.</disclaimer>
    <disclaimer lang="pt_PT">O autor não hospeda nem distribui nenhum conteúdo exibido por este complemento. O autor não tem nenhuma afiliação com o provedor de conteúdo.</disclaimer>
    <disclaimer lang="sv_SE">Författaren är inte värd eller distribuerar något av innehållet som visas av detta tillägg. Författaren har ingen anknytning till innehållsleverantören.</disclaimer>
    <platform>all</platform>
    <assets>
      <icon>icon.png</icon>
    </assets>
  </extension>
</addon>

<addon id="plugin.video.xhamstergay" name="xHamster Gay" version="0.2" provider-name="xbmc-adult">
    <requires>
        <import addon="xbmc.python" version="2.1.0"/>
    </requires>
    <extension point="xbmc.python.pluginsource" library="default.py">
        <provides>video</provides>
    </extension>
    <extension point="xbmc.addon.metadata">
        <summary lang="en">Free Gays Porn Videos</summary>
        <description lang="en">Free Gays Porn Videos from xhamster.com</description>
        <platform>all</platform>
    </extension>
</addon>

<addon id="plugin.video.you.jizz"
       name="YouJizz.com"
       version="1.0.24"
       provider-name="xbmc-adult">
    <requires>
        <import addon="xbmc.python" version="2.1.0"/>
        <import addon="script.module.future"/>
    </requires>
    <extension point="xbmc.python.pluginsource"
               library="default.py">
        <provides>video</provides>
    </extension>
    <extension point="xbmc.addon.metadata">
        <platform>all</platform>
        <license>GPL 2.0</license>
        <summary lang="en">YouJizz.com</summary>
        <description lang="en">****ADULT CONTENT***** Watch erotic and sexy videos from YouJizz.com</description>
    </extension>
</addon>

<addon id="plugin.video.youporngay" name="Youporn Gay" version="0.3" provider-name="xbmc-adult">
    <requires>
        <import addon="xbmc.python" version="2.1.0"/>
    </requires>
    <extension point="xbmc.python.pluginsource" library="default.py">
        <provides>video</provides>
    </extension>
    <extension point="xbmc.addon.metadata">
        <summary lang="en">Free Gay Porn Movies from youporn.com</summary>
        <description lang="en">VISIT Youporn for the BEST GAY PORN MOVIES! GET the sexiest TEEN BOYS Tube and ENJOY Huge Cock Sucking VIDEOS. CLICK NOW to WATCH Hot YOUNG XXX Gay Vidz!</description>
        <platform>all</platform>
    </extension>
</addon>

<addon id="repository.xbmcadult" name="XBMC-Adult Addons" version="1.0.8" provider-name="xbmc-adult">
	<extension point="xbmc.addon.repository" name="XBMC Adult Addons">
		<dir>
			<info compressed="false">https://raw.githubusercontent.com/xbmc-adult/xbmc-adult/ghmaster/addons.xml</info>
			<checksum>https://raw.githubusercontent.com/xbmc-adult/xbmc-adult/ghmaster/addons.xml.md5</checksum>
			<datadir zip="true">https://raw.githubusercontent.com/xbmc-adult/xbmc-adult/ghmaster</datadir>
		</dir>
	</extension>
	<extension point="xbmc.addon.metadata">
		<summary>XBMC Addons for Adults Only</summary>
		<description>This repository contains addons that are for adults only. You may only view the contents of this repository if you are at least 18 years of age, or at least the age of majority in the jurisdiction where you reside or from which you access this content.</description>
		<disclaimer>The owners and submitters to this repository do not host or distribute any of the content displayed by these addons nor do they have any affiliation with the content providers.</disclaimer>
		<platform>all</platform>
	</extension>
</addon>
</addons>
